<?xml version="1.0" encoding="UTF-8"?>
<data>
	<group id="0" excluded="true">
		<clone method="" file="/home/troy/SysAssure/dataset/java-apns-1.0.0.Beta3/src/main/java/com/notnoop/apns/ApnsServiceBuilder.java" start="143" end="199" isTest="false">
		</clone>
		<clone method="" file="/home/troy/SysAssure/dataset/java-apns-1.0.0.Beta3/src/test/java/com/notnoop/apns/ApnsServerSocketBuilder.java" start="115" end="172" isTest="false">
		</clone>
	</group>
	<group id="1" excluded="true">
		<clone method="" file="/home/troy/SysAssure/dataset/java-apns-1.0.0.Beta3/src/main/java/com/notnoop/apns/ApnsServiceBuilder.java" start="145" end="202" isTest="false">
		</clone>
		<clone method="" file="/home/troy/SysAssure/dataset/java-apns-1.0.0.Beta3/src/test/java/com/notnoop/apns/ApnsServerSocketBuilder.java" start="117" end="174" isTest="false">
		</clone>
	</group>
	<group id="2" excluded="true">
		<clone method="" file="/home/troy/SysAssure/dataset/java-apns-1.0.0.Beta3/src/main/java/com/notnoop/apns/ApnsServiceBuilder.java" start="502" end="533" isTest="false">
		</clone>
		<clone method="" file="/home/troy/SysAssure/dataset/java-apns-1.0.0.Beta3/src/main/java/com/notnoop/apns/ApnsServiceBuilder.java" start="504" end="556" isTest="true">
		</clone>
	</group>
	<group id="3" excluded="false">
		<clone method="withConnectTimeout" file="/home/troy/SysAssure/dataset/java-apns-1.0.0.Beta3/src/main/java/com/notnoop/apns/ApnsServiceBuilder.java" start="245" end="248" isTest="false">
		</clone>
		<clone method="withFeedbackDestination" file="/home/troy/SysAssure/dataset/java-apns-1.0.0.Beta3/src/test/java/com/notnoop/apns/ApnsServerSocketBuilder.java" start="221" end="224" isTest="false">
		</clone>
	</group>
	<group id="4" excluded="false">
		<clone method="withReadTimeout" file="/home/troy/SysAssure/dataset/java-apns-1.0.0.Beta3/src/main/java/com/notnoop/apns/ApnsServiceBuilder.java" start="234" end="237" isTest="false">
		</clone>
		<clone method="withFeedbackDestination" file="/home/troy/SysAssure/dataset/java-apns-1.0.0.Beta3/src/test/java/com/notnoop/apns/ApnsServerSocketBuilder.java" start="221" end="224" isTest="false">
		</clone>
	</group>
	<group id="5" excluded="false">
		<clone method="withConnectTimeout" file="/home/troy/SysAssure/dataset/java-apns-1.0.0.Beta3/src/main/java/com/notnoop/apns/ApnsServiceBuilder.java" start="245" end="248" isTest="false">
		</clone>
		<clone method="withGatewayDestination" file="/home/troy/SysAssure/dataset/java-apns-1.0.0.Beta3/src/test/java/com/notnoop/apns/ApnsServerSocketBuilder.java" start="208" end="211" isTest="false">
		</clone>
	</group>
	<group id="6" excluded="false">
		<clone method="withReadTimeout" file="/home/troy/SysAssure/dataset/java-apns-1.0.0.Beta3/src/main/java/com/notnoop/apns/ApnsServiceBuilder.java" start="234" end="237" isTest="false">
		</clone>
		<clone method="withGatewayDestination" file="/home/troy/SysAssure/dataset/java-apns-1.0.0.Beta3/src/test/java/com/notnoop/apns/ApnsServerSocketBuilder.java" start="208" end="211" isTest="false">
		</clone>
	</group>
	<group id="7" excluded="true">
		<clone method="" file="/home/troy/SysAssure/dataset/java-apns-1.0.0.Beta3/src/main/java/com/notnoop/apns/ApnsServiceBuilder.java" start="141" end="177" isTest="false">
		</clone>
		<clone method="" file="/home/troy/SysAssure/dataset/java-apns-1.0.0.Beta3/src/test/java/com/notnoop/apns/ApnsServerSocketBuilder.java" start="113" end="150" isTest="false">
		</clone>
	</group>
	<group id="8" excluded="true">
		<clone method="" file="/home/troy/SysAssure/dataset/java-apns-1.0.0.Beta3/src/main/java/com/notnoop/apns/ApnsServiceBuilder.java" start="142" end="177" isTest="false">
		</clone>
		<clone method="" file="/home/troy/SysAssure/dataset/java-apns-1.0.0.Beta3/src/test/java/com/notnoop/apns/ApnsServerSocketBuilder.java" start="114" end="150" isTest="false">
		</clone>
	</group>
	<group id="9" excluded="true">
		<clone method="" file="/home/troy/SysAssure/dataset/java-apns-1.0.0.Beta3/src/main/java/com/notnoop/apns/ApnsServiceBuilder.java" start="142" end="177" isTest="false">
		</clone>
		<clone method="" file="/home/troy/SysAssure/dataset/java-apns-1.0.0.Beta3/src/test/java/com/notnoop/apns/ApnsServerSocketBuilder.java" start="114" end="150" isTest="false">
		</clone>
	</group>
	<group id="10" excluded="true">
		<clone method="" file="/home/troy/SysAssure/dataset/java-apns-1.0.0.Beta3/src/main/java/com/notnoop/apns/ApnsServiceBuilder.java" start="205" end="237" isTest="false">
		</clone>
		<clone method="" file="/home/troy/SysAssure/dataset/java-apns-1.0.0.Beta3/src/test/java/com/notnoop/apns/ApnsServerSocketBuilder.java" start="177" end="211" isTest="false">
		</clone>
	</group>
	<group id="11" excluded="true">
		<clone method="" file="/home/troy/SysAssure/dataset/java-apns-1.0.0.Beta3/src/main/java/com/notnoop/apns/ApnsServiceBuilder.java" start="174" end="205" isTest="false">
		</clone>
		<clone method="" file="/home/troy/SysAssure/dataset/java-apns-1.0.0.Beta3/src/test/java/com/notnoop/apns/ApnsServerSocketBuilder.java" start="148" end="177" isTest="false">
		</clone>
	</group>
	<group id="12" excluded="true">
		<clone method="" file="/home/troy/SysAssure/dataset/java-apns-1.0.0.Beta3/src/main/java/com/notnoop/apns/ApnsServiceBuilder.java" start="200" end="224" isTest="false">
		</clone>
		<clone method="" file="/home/troy/SysAssure/dataset/java-apns-1.0.0.Beta3/src/test/java/com/notnoop/apns/ApnsServerSocketBuilder.java" start="173" end="197" isTest="false">
		</clone>
	</group>
	<group id="13" excluded="true">
		<clone method="" file="/home/troy/SysAssure/dataset/java-apns-1.0.0.Beta3/src/main/java/com/notnoop/exceptions/NetworkIOException.java" start="32" end="49" isTest="false">
		</clone>
		<clone method="" file="/home/troy/SysAssure/dataset/java-apns-1.0.0.Beta3/src/main/java/com/notnoop/exceptions/RuntimeIOException.java" start="32" end="51" isTest="false">
		</clone>
	</group>
	<group id="14" excluded="true">
		<clone method="" file="/home/troy/SysAssure/dataset/java-apns-1.0.0.Beta3/src/main/java/com/notnoop/exceptions/NetworkIOException.java" start="32" end="49" isTest="false">
		</clone>
		<clone method="" file="/home/troy/SysAssure/dataset/java-apns-1.0.0.Beta3/src/main/java/com/notnoop/exceptions/RuntimeIOException.java" start="32" end="51" isTest="false">
		</clone>
	</group>
	<group id="15" excluded="true">
		<clone method="" file="/home/troy/SysAssure/dataset/java-apns-1.0.0.Beta3/src/main/java/com/notnoop/exceptions/NetworkIOException.java" start="32" end="49" isTest="false">
		</clone>
		<clone method="" file="/home/troy/SysAssure/dataset/java-apns-1.0.0.Beta3/src/main/java/com/notnoop/exceptions/RuntimeIOException.java" start="32" end="51" isTest="false">
		</clone>
	</group>
	<group id="16" excluded="true">
		<clone method="" file="/home/troy/SysAssure/dataset/java-apns-1.0.0.Beta3/src/main/java/com/notnoop/exceptions/NetworkIOException.java" start="34" end="49" isTest="false">
		</clone>
		<clone method="" file="/home/troy/SysAssure/dataset/java-apns-1.0.0.Beta3/src/main/java/com/notnoop/exceptions/RuntimeIOException.java" start="34" end="51" isTest="false">
		</clone>
	</group>
	<group id="17" excluded="true">
		<clone method="" file="/home/troy/SysAssure/dataset/java-apns-1.0.0.Beta3/src/main/java/com/notnoop/exceptions/NetworkIOException.java" start="34" end="49" isTest="false">
		</clone>
		<clone method="" file="/home/troy/SysAssure/dataset/java-apns-1.0.0.Beta3/src/main/java/com/notnoop/exceptions/RuntimeIOException.java" start="34" end="51" isTest="false">
		</clone>
	</group>
	<group id="18" excluded="true">
		<clone method="" file="/home/troy/SysAssure/dataset/java-apns-1.0.0.Beta3/src/main/java/com/notnoop/exceptions/NetworkIOException.java" start="34" end="49" isTest="false">
		</clone>
		<clone method="" file="/home/troy/SysAssure/dataset/java-apns-1.0.0.Beta3/src/main/java/com/notnoop/exceptions/RuntimeIOException.java" start="34" end="51" isTest="false">
		</clone>
	</group>
	<group id="19" excluded="true">
		<clone method="" file="/home/troy/SysAssure/dataset/java-apns-1.0.0.Beta3/src/main/java/com/notnoop/apns/internal/ApnsConnectionImpl.java" start="49" end="58" isTest="false">
		</clone>
		<clone method="" file="/home/troy/SysAssure/dataset/java-apns-1.0.0.Beta3/src/main/java/com/notnoop/apns/internal/Utilities.java" start="48" end="57" isTest="false">
		</clone>
		<clone method="" file="/home/troy/SysAssure/dataset/java-apns-1.0.0.Beta3/src/test/java/com/notnoop/apns/AbstractApnsServerSocket.java" start="1" end="17" isTest="false">
		</clone>
	</group>
	<group id="20" excluded="true">
		<clone method="" file="/home/troy/SysAssure/dataset/java-apns-1.0.0.Beta3/src/main/java/com/notnoop/apns/internal/ApnsFeedbackConnection.java" start="36" end="46" isTest="false">
		</clone>
		<clone method="" file="/home/troy/SysAssure/dataset/java-apns-1.0.0.Beta3/src/main/java/com/notnoop/apns/internal/BatchApnsService.java" start="7" end="17" isTest="false">
		</clone>
		<clone method="" file="/home/troy/SysAssure/dataset/java-apns-1.0.0.Beta3/src/main/java/com/notnoop/apns/internal/QueuedApnsService.java" start="37" end="48" isTest="false">
		</clone>
		<clone method="" file="/home/troy/SysAssure/dataset/java-apns-1.0.0.Beta3/src/test/java/com/notnoop/apns/ApnsFeedbackServerSocket.java" start="1" end="17" isTest="false">
		</clone>
	</group>
	<group id="21" excluded="true">
		<clone method="" file="/home/troy/SysAssure/dataset/java-apns-1.0.0.Beta3/src/test/java/com/notnoop/apns/PayloadBuilderTest.java" start="504" end="519" isTest="true">
		</clone>
		<clone method="" file="/home/troy/SysAssure/dataset/java-apns-1.0.0.Beta3/src/test/java/com/notnoop/apns/PayloadBuilderTest.java" start="517" end="530" isTest="true">
		</clone>
	</group>
	<group id="22" excluded="true">
		<clone method="" file="/home/troy/SysAssure/dataset/java-apns-1.0.0.Beta3/src/test/java/com/notnoop/apns/PayloadBuilderTest.java" start="502" end="516" isTest="true">
		</clone>
		<clone method="" file="/home/troy/SysAssure/dataset/java-apns-1.0.0.Beta3/src/test/java/com/notnoop/apns/PayloadBuilderTest.java" start="515" end="528" isTest="true">
		</clone>
	</group>
	<group id="23" excluded="true">
		<clone method="" file="/home/troy/SysAssure/dataset/java-apns-1.0.0.Beta3/src/test/java/com/notnoop/apns/PayloadBuilderTest.java" start="139" end="151" isTest="true">
		</clone>
		<clone method="" file="/home/troy/SysAssure/dataset/java-apns-1.0.0.Beta3/src/test/java/com/notnoop/apns/PayloadBuilderTest.java" start="199" end="211" isTest="true">
		</clone>
	</group>
	<group id="24" excluded="true">
		<clone method="" file="/home/troy/SysAssure/dataset/java-apns-1.0.0.Beta3/src/test/java/com/notnoop/apns/PayloadBuilderTest.java" start="113" end="125" isTest="true">
		</clone>
		<clone method="" file="/home/troy/SysAssure/dataset/java-apns-1.0.0.Beta3/src/test/java/com/notnoop/apns/PayloadBuilderTest.java" start="122" end="133" isTest="true">
		</clone>
		<clone method="" file="/home/troy/SysAssure/dataset/java-apns-1.0.0.Beta3/src/test/java/com/notnoop/apns/PayloadBuilderTest.java" start="436" end="448" isTest="true">
		</clone>
	</group>
	<group id="25" excluded="true">
		<clone method="" file="/home/troy/SysAssure/dataset/java-apns-1.0.0.Beta3/src/test/java/com/notnoop/apns/PayloadBuilderTest.java" start="29" end="40" isTest="true">
		</clone>
		<clone method="" file="/home/troy/SysAssure/dataset/java-apns-1.0.0.Beta3/src/test/java/com/notnoop/apns/PayloadBuilderTest.java" start="40" end="51" isTest="true">
		</clone>
	</group>
	<group id="26" excluded="true">
		<clone method="" file="/home/troy/SysAssure/dataset/java-apns-1.0.0.Beta3/src/main/java/com/notnoop/apns/ApnsServiceBuilder.java" start="136" end="147" isTest="false">
		</clone>
		<clone method="" file="/home/troy/SysAssure/dataset/java-apns-1.0.0.Beta3/src/test/java/com/notnoop/apns/ApnsServerSocketBuilder.java" start="108" end="119" isTest="false">
		</clone>
	</group>
	<group id="27" excluded="true">
		<clone method="" file="/home/troy/SysAssure/dataset/java-apns-1.0.0.Beta3/src/test/java/com/notnoop/apns/PayloadBuilderTest.java" start="21" end="32" isTest="true">
		</clone>
		<clone method="" file="/home/troy/SysAssure/dataset/java-apns-1.0.0.Beta3/src/test/java/com/notnoop/apns/PayloadBuilderTest.java" start="188" end="199" isTest="true">
		</clone>
	</group>
	<group id="28" excluded="true">
		<clone method="" file="/home/troy/SysAssure/dataset/java-apns-1.0.0.Beta3/src/main/java/com/notnoop/apns/ApnsServiceBuilder.java" start="31" end="42" isTest="false">
		</clone>
		<clone method="" file="/home/troy/SysAssure/dataset/java-apns-1.0.0.Beta3/src/main/java/com/notnoop/apns/internal/ApnsConnectionImpl.java" start="31" end="41" isTest="false">
		</clone>
		<clone method="" file="/home/troy/SysAssure/dataset/java-apns-1.0.0.Beta3/src/main/java/com/notnoop/apns/internal/ApnsFeedbackConnection.java" start="31" end="41" isTest="false">
		</clone>
		<clone method="" file="/home/troy/SysAssure/dataset/java-apns-1.0.0.Beta3/src/main/java/com/notnoop/apns/internal/Utilities.java" start="31" end="41" isTest="false">
		</clone>
		<clone method="" file="/home/troy/SysAssure/dataset/java-apns-1.0.0.Beta3/src/test/java/com/notnoop/apns/utils/ApnsServerStub.java" start="1" end="11" isTest="false">
		</clone>
	</group>
	<group id="29" excluded="true">
		<clone method="" file="/home/troy/SysAssure/dataset/java-apns-1.0.0.Beta3/src/main/java/com/notnoop/apns/ApnsServiceBuilder.java" start="31" end="42" isTest="false">
		</clone>
		<clone method="" file="/home/troy/SysAssure/dataset/java-apns-1.0.0.Beta3/src/main/java/com/notnoop/apns/internal/AbstractApnsService.java" start="31" end="41" isTest="false">
		</clone>
		<clone method="" file="/home/troy/SysAssure/dataset/java-apns-1.0.0.Beta3/src/main/java/com/notnoop/apns/internal/ApnsConnectionImpl.java" start="31" end="41" isTest="false">
		</clone>
		<clone method="" file="/home/troy/SysAssure/dataset/java-apns-1.0.0.Beta3/src/main/java/com/notnoop/apns/internal/ApnsFeedbackConnection.java" start="31" end="41" isTest="false">
		</clone>
		<clone method="" file="/home/troy/SysAssure/dataset/java-apns-1.0.0.Beta3/src/main/java/com/notnoop/apns/internal/BatchApnsService.java" start="1" end="10" isTest="false">
		</clone>
		<clone method="" file="/home/troy/SysAssure/dataset/java-apns-1.0.0.Beta3/src/main/java/com/notnoop/apns/internal/QueuedApnsService.java" start="31" end="41" isTest="false">
		</clone>
		<clone method="" file="/home/troy/SysAssure/dataset/java-apns-1.0.0.Beta3/src/main/java/com/notnoop/apns/internal/TlsTunnelBuilder.java" start="32" end="41" isTest="false">
		</clone>
		<clone method="" file="/home/troy/SysAssure/dataset/java-apns-1.0.0.Beta3/src/main/java/com/notnoop/apns/internal/Utilities.java" start="31" end="41" isTest="false">
		</clone>
		<clone method="" file="/home/troy/SysAssure/dataset/java-apns-1.0.0.Beta3/src/main/java/com/notnoop/apns/internal/Utilities.java" start="38" end="47" isTest="false">
		</clone>
		<clone method="" file="/home/troy/SysAssure/dataset/java-apns-1.0.0.Beta3/src/test/java/com/notnoop/apns/ApnsFeedbackServerSocket.java" start="1" end="11" isTest="false">
		</clone>
		<clone method="" file="/home/troy/SysAssure/dataset/java-apns-1.0.0.Beta3/src/test/java/com/notnoop/apns/ApnsServerSocketBuilder.java" start="31" end="41" isTest="false">
		</clone>
		<clone method="" file="/home/troy/SysAssure/dataset/java-apns-1.0.0.Beta3/src/test/java/com/notnoop/apns/integration/ApnsConnectionCacheTest.java" start="3" end="10" isTest="true">
		</clone>
		<clone method="" file="/home/troy/SysAssure/dataset/java-apns-1.0.0.Beta3/src/test/java/com/notnoop/apns/integration/ApnsConnectionTest.java" start="7" end="14" isTest="true">
		</clone>
		<clone method="" file="/home/troy/SysAssure/dataset/java-apns-1.0.0.Beta3/src/test/java/com/notnoop/apns/integration/ApnsSimulatorTest.java" start="1" end="10" isTest="true">
		</clone>
		<clone method="" file="/home/troy/SysAssure/dataset/java-apns-1.0.0.Beta3/src/test/java/com/notnoop/apns/integration/ApnsSimulatorTestBase.java" start="5" end="13" isTest="true">
		</clone>
		<clone method="" file="/home/troy/SysAssure/dataset/java-apns-1.0.0.Beta3/src/test/java/com/notnoop/apns/integration/FeedbackTest.java" start="1" end="10" isTest="true">
		</clone>
		<clone method="" file="/home/troy/SysAssure/dataset/java-apns-1.0.0.Beta3/src/test/java/com/notnoop/apns/internal/MockingUtils.java" start="1" end="11" isTest="false">
		</clone>
		<clone method="" file="/home/troy/SysAssure/dataset/java-apns-1.0.0.Beta3/src/test/java/com/notnoop/apns/utils/ApnsServerStub.java" start="1" end="11" isTest="false">
		</clone>
		<clone method="" file="/home/troy/SysAssure/dataset/java-apns-1.0.0.Beta3/src/test/java/com/notnoop/apns/utils/Simulator/ApnsServerSimulator.java" start="10" end="18" isTest="false">
		</clone>
	</group>
	<group id="30" excluded="true">
		<clone method="" file="/home/troy/SysAssure/dataset/java-apns-1.0.0.Beta3/src/test/java/com/notnoop/apns/PayloadBuilderTest.java" start="23" end="34" isTest="true">
		</clone>
		<clone method="" file="/home/troy/SysAssure/dataset/java-apns-1.0.0.Beta3/src/test/java/com/notnoop/apns/PayloadBuilderTest.java" start="190" end="201" isTest="true">
		</clone>
	</group>
	<group id="31" excluded="true">
		<clone method="" file="/home/troy/SysAssure/dataset/java-apns-1.0.0.Beta3/src/main/java/com/notnoop/apns/ApnsServiceBuilder.java" start="33" end="43" isTest="false">
		</clone>
		<clone method="" file="/home/troy/SysAssure/dataset/java-apns-1.0.0.Beta3/src/main/java/com/notnoop/apns/internal/ApnsConnectionImpl.java" start="31" end="42" isTest="false">
		</clone>
		<clone method="" file="/home/troy/SysAssure/dataset/java-apns-1.0.0.Beta3/src/main/java/com/notnoop/apns/internal/ApnsFeedbackConnection.java" start="31" end="42" isTest="false">
		</clone>
		<clone method="" file="/home/troy/SysAssure/dataset/java-apns-1.0.0.Beta3/src/main/java/com/notnoop/apns/internal/Utilities.java" start="31" end="42" isTest="false">
		</clone>
		<clone method="" file="/home/troy/SysAssure/dataset/java-apns-1.0.0.Beta3/src/test/java/com/notnoop/apns/ApnsServerSocketBuilder.java" start="33" end="42" isTest="false">
		</clone>
		<clone method="" file="/home/troy/SysAssure/dataset/java-apns-1.0.0.Beta3/src/test/java/com/notnoop/apns/integration/ApnsSimulatorTestBase.java" start="7" end="17" isTest="true">
		</clone>
		<clone method="" file="/home/troy/SysAssure/dataset/java-apns-1.0.0.Beta3/src/test/java/com/notnoop/apns/internal/MockingUtils.java" start="3" end="12" isTest="false">
		</clone>
		<clone method="" file="/home/troy/SysAssure/dataset/java-apns-1.0.0.Beta3/src/test/java/com/notnoop/apns/utils/ApnsServerStub.java" start="1" end="12" isTest="false">
		</clone>
	</group>
	<group id="32" excluded="true">
		<clone method="" file="/home/troy/SysAssure/dataset/java-apns-1.0.0.Beta3/src/main/java/com/notnoop/apns/ApnsServiceBuilder.java" start="38" end="48" isTest="false">
		</clone>
		<clone method="" file="/home/troy/SysAssure/dataset/java-apns-1.0.0.Beta3/src/main/java/com/notnoop/apns/internal/ApnsConnectionImpl.java" start="40" end="48" isTest="false">
		</clone>
		<clone method="" file="/home/troy/SysAssure/dataset/java-apns-1.0.0.Beta3/src/main/java/com/notnoop/apns/internal/BatchApnsService.java" start="1" end="9" isTest="false">
		</clone>
		<clone method="" file="/home/troy/SysAssure/dataset/java-apns-1.0.0.Beta3/src/main/java/com/notnoop/apns/internal/QueuedApnsService.java" start="31" end="39" isTest="false">
		</clone>
		<clone method="" file="/home/troy/SysAssure/dataset/java-apns-1.0.0.Beta3/src/main/java/com/notnoop/apns/internal/TlsTunnelBuilder.java" start="35" end="42" isTest="false">
		</clone>
		<clone method="" file="/home/troy/SysAssure/dataset/java-apns-1.0.0.Beta3/src/main/java/com/notnoop/apns/internal/Utilities.java" start="46" end="53" isTest="false">
		</clone>
		<clone method="" file="/home/troy/SysAssure/dataset/java-apns-1.0.0.Beta3/src/test/java/com/notnoop/apns/ApnsServerSocketBuilder.java" start="36" end="43" isTest="false">
		</clone>
		<clone method="" file="/home/troy/SysAssure/dataset/java-apns-1.0.0.Beta3/src/test/java/com/notnoop/apns/integration/ApnsConnectionCacheTest.java" start="1" end="9" isTest="true">
		</clone>
		<clone method="" file="/home/troy/SysAssure/dataset/java-apns-1.0.0.Beta3/src/test/java/com/notnoop/apns/integration/ApnsConnectionTest.java" start="1" end="8" isTest="true">
		</clone>
		<clone method="" file="/home/troy/SysAssure/dataset/java-apns-1.0.0.Beta3/src/test/java/com/notnoop/apns/integration/ApnsSimulatorTest.java" start="6" end="14" isTest="true">
		</clone>
		<clone method="" file="/home/troy/SysAssure/dataset/java-apns-1.0.0.Beta3/src/test/java/com/notnoop/apns/integration/ApnsSimulatorTestBase.java" start="4" end="11" isTest="true">
		</clone>
		<clone method="" file="/home/troy/SysAssure/dataset/java-apns-1.0.0.Beta3/src/test/java/com/notnoop/apns/integration/ApnsSimulatorTestBase.java" start="14" end="22" isTest="true">
		</clone>
		<clone method="" file="/home/troy/SysAssure/dataset/java-apns-1.0.0.Beta3/src/test/java/com/notnoop/apns/integration/FeedbackTest.java" start="1" end="9" isTest="true">
		</clone>
		<clone method="" file="/home/troy/SysAssure/dataset/java-apns-1.0.0.Beta3/src/test/java/com/notnoop/apns/utils/StringTruncationTest.java" start="1" end="10" isTest="true">
		</clone>
	</group>
	<group id="33" excluded="true">
		<clone method="" file="/home/troy/SysAssure/dataset/java-apns-1.0.0.Beta3/src/main/java/com/notnoop/apns/internal/AbstractApnsService.java" start="31" end="40" isTest="false">
		</clone>
		<clone method="" file="/home/troy/SysAssure/dataset/java-apns-1.0.0.Beta3/src/main/java/com/notnoop/apns/internal/BatchApnsService.java" start="1" end="9" isTest="false">
		</clone>
		<clone method="" file="/home/troy/SysAssure/dataset/java-apns-1.0.0.Beta3/src/main/java/com/notnoop/apns/internal/QueuedApnsService.java" start="31" end="39" isTest="false">
		</clone>
		<clone method="" file="/home/troy/SysAssure/dataset/java-apns-1.0.0.Beta3/src/main/java/com/notnoop/apns/internal/TlsTunnelBuilder.java" start="32" end="40" isTest="false">
		</clone>
		<clone method="" file="/home/troy/SysAssure/dataset/java-apns-1.0.0.Beta3/src/test/java/com/notnoop/apns/AbstractApnsServerSocket.java" start="1" end="10" isTest="false">
		</clone>
		<clone method="" file="/home/troy/SysAssure/dataset/java-apns-1.0.0.Beta3/src/test/java/com/notnoop/apns/ApnsFeedbackServerSocket.java" start="1" end="11" isTest="false">
		</clone>
		<clone method="" file="/home/troy/SysAssure/dataset/java-apns-1.0.0.Beta3/src/test/java/com/notnoop/apns/ApnsGatewayServerSocket.java" start="1" end="10" isTest="false">
		</clone>
		<clone method="" file="/home/troy/SysAssure/dataset/java-apns-1.0.0.Beta3/src/test/java/com/notnoop/apns/ApnsServerSocketBuilder.java" start="31" end="40" isTest="false">
		</clone>
		<clone method="" file="/home/troy/SysAssure/dataset/java-apns-1.0.0.Beta3/src/test/java/com/notnoop/apns/integration/ApnsSimulatorTest.java" start="1" end="10" isTest="true">
		</clone>
		<clone method="" file="/home/troy/SysAssure/dataset/java-apns-1.0.0.Beta3/src/test/java/com/notnoop/apns/integration/FeedbackTest.java" start="1" end="9" isTest="true">
		</clone>
		<clone method="" file="/home/troy/SysAssure/dataset/java-apns-1.0.0.Beta3/src/test/java/com/notnoop/apns/internal/ApnsPooledConnectionTest.java" start="1" end="10" isTest="true">
		</clone>
		<clone method="" file="/home/troy/SysAssure/dataset/java-apns-1.0.0.Beta3/src/test/java/com/notnoop/apns/internal/MockingUtils.java" start="1" end="10" isTest="false">
		</clone>
		<clone method="" file="/home/troy/SysAssure/dataset/java-apns-1.0.0.Beta3/src/test/java/com/notnoop/apns/utils/Simulator/FailingApnsServerSimulator.java" start="1" end="10" isTest="false">
		</clone>
	</group>
	<group id="34" excluded="true">
		<clone method="" file="/home/troy/SysAssure/dataset/java-apns-1.0.0.Beta3/src/main/java/com/notnoop/apns/ApnsServiceBuilder.java" start="40" end="49" isTest="false">
		</clone>
		<clone method="" file="/home/troy/SysAssure/dataset/java-apns-1.0.0.Beta3/src/test/java/com/notnoop/apns/utils/Simulator/ApnsServerSimulator.java" start="1" end="11" isTest="false">
		</clone>
	</group>
	<group id="35" excluded="true">
		<clone method="" file="/home/troy/SysAssure/dataset/java-apns-1.0.0.Beta3/src/main/java/com/notnoop/apns/ApnsServiceBuilder.java" start="199" end="209" isTest="false">
		</clone>
		<clone method="" file="/home/troy/SysAssure/dataset/java-apns-1.0.0.Beta3/src/test/java/com/notnoop/apns/ApnsServerSocketBuilder.java" start="172" end="182" isTest="false">
		</clone>
	</group>
	<group id="36" excluded="true">
		<clone method="" file="/home/troy/SysAssure/dataset/java-apns-1.0.0.Beta3/src/test/java/com/notnoop/apns/PayloadBuilderTest.java" start="136" end="146" isTest="true">
		</clone>
		<clone method="" file="/home/troy/SysAssure/dataset/java-apns-1.0.0.Beta3/src/test/java/com/notnoop/apns/PayloadBuilderTest.java" start="216" end="226" isTest="true">
		</clone>
	</group>
	<group id="37" excluded="true">
		<clone method="" file="/home/troy/SysAssure/dataset/java-apns-1.0.0.Beta3/src/test/java/com/notnoop/apns/PayloadBuilderTest.java" start="509" end="519" isTest="true">
		</clone>
		<clone method="" file="/home/troy/SysAssure/dataset/java-apns-1.0.0.Beta3/src/test/java/com/notnoop/apns/PayloadBuilderTest.java" start="522" end="530" isTest="true">
		</clone>
	</group>
	<group id="38" excluded="true">
		<clone method="" file="/home/troy/SysAssure/dataset/java-apns-1.0.0.Beta3/src/main/java/com/notnoop/apns/ApnsServiceBuilder.java" start="41" end="50" isTest="false">
		</clone>
		<clone method="" file="/home/troy/SysAssure/dataset/java-apns-1.0.0.Beta3/src/test/java/com/notnoop/apns/integration/ApnsSimulatorTestBase.java" start="1" end="8" isTest="true">
		</clone>
	</group>
	<group id="39" excluded="true">
		<clone method="" file="/home/troy/SysAssure/dataset/java-apns-1.0.0.Beta3/src/test/java/com/notnoop/apns/integration/ApnsConnectionCacheTest.java" start="1" end="8" isTest="true">
		</clone>
		<clone method="" file="/home/troy/SysAssure/dataset/java-apns-1.0.0.Beta3/src/test/java/com/notnoop/apns/integration/ApnsConnectionTest.java" start="1" end="8" isTest="true">
		</clone>
		<clone method="" file="/home/troy/SysAssure/dataset/java-apns-1.0.0.Beta3/src/test/java/com/notnoop/apns/utils/StringTruncationTest.java" start="1" end="10" isTest="true">
		</clone>
	</group>
	<group id="40" excluded="true">
		<clone method="" file="/home/troy/SysAssure/dataset/java-apns-1.0.0.Beta3/src/test/java/com/notnoop/apns/PayloadBuilderTest.java" start="81" end="90" isTest="true">
		</clone>
		<clone method="" file="/home/troy/SysAssure/dataset/java-apns-1.0.0.Beta3/src/test/java/com/notnoop/apns/PayloadBuilderTest.java" start="93" end="102" isTest="true">
		</clone>
	</group>
	<group id="41" excluded="true">
		<clone method="" file="/home/troy/SysAssure/dataset/java-apns-1.0.0.Beta3/src/main/java/com/notnoop/exceptions/NetworkIOException.java" start="41" end="49" isTest="false">
		</clone>
		<clone method="" file="/home/troy/SysAssure/dataset/java-apns-1.0.0.Beta3/src/main/java/com/notnoop/exceptions/RuntimeIOException.java" start="43" end="51" isTest="false">
		</clone>
	</group>
	<group id="42" excluded="true">
		<clone method="" file="/home/troy/SysAssure/dataset/java-apns-1.0.0.Beta3/src/main/java/com/notnoop/exceptions/NetworkIOException.java" start="41" end="49" isTest="false">
		</clone>
		<clone method="" file="/home/troy/SysAssure/dataset/java-apns-1.0.0.Beta3/src/main/java/com/notnoop/exceptions/RuntimeIOException.java" start="43" end="51" isTest="false">
		</clone>
	</group>
	<group id="43" excluded="true">
		<clone method="" file="/home/troy/SysAssure/dataset/java-apns-1.0.0.Beta3/src/main/java/com/notnoop/apns/internal/ApnsPooledConnection.java" start="1" end="8" isTest="false">
		</clone>
		<clone method="" file="/home/troy/SysAssure/dataset/java-apns-1.0.0.Beta3/src/test/java/com/notnoop/apns/integration/ApnsSimulatorTestBase.java" start="1" end="7" isTest="true">
		</clone>
	</group>
	<group id="44" excluded="true">
		<clone method="" file="/home/troy/SysAssure/dataset/java-apns-1.0.0.Beta3/src/test/java/com/notnoop/apns/internal/BatchApnsServiceTest.java" start="41" end="45" isTest="true">
		</clone>
		<clone method="" file="/home/troy/SysAssure/dataset/java-apns-1.0.0.Beta3/src/test/java/com/notnoop/apns/internal/BatchApnsServiceTest.java" start="43" end="49" isTest="true">
		</clone>
		<clone method="" file="/home/troy/SysAssure/dataset/java-apns-1.0.0.Beta3/src/test/java/com/notnoop/apns/internal/BatchApnsServiceTest.java" start="72" end="78" isTest="true">
		</clone>
		<clone method="" file="/home/troy/SysAssure/dataset/java-apns-1.0.0.Beta3/src/test/java/com/notnoop/apns/internal/BatchApnsServiceTest.java" start="100" end="106" isTest="true">
		</clone>
	</group>
	<group id="45" excluded="true">
		<clone method="" file="/home/troy/SysAssure/dataset/java-apns-1.0.0.Beta3/src/main/java/com/notnoop/apns/internal/TlsTunnelBuilder.java" start="39" end="44" isTest="false">
		</clone>
		<clone method="" file="/home/troy/SysAssure/dataset/java-apns-1.0.0.Beta3/src/test/java/com/notnoop/apns/integration/ApnsConnectionTest.java" start="4" end="9" isTest="true">
		</clone>
	</group>
	<group id="46" excluded="true">
		<clone method="" file="/home/troy/SysAssure/dataset/java-apns-1.0.0.Beta3/src/test/java/com/notnoop/apns/PayloadBuilderTest.java" start="385" end="390" isTest="true">
		</clone>
		<clone method="" file="/home/troy/SysAssure/dataset/java-apns-1.0.0.Beta3/src/test/java/com/notnoop/apns/PayloadBuilderTest.java" start="390" end="395" isTest="true">
		</clone>
	</group>
	<group id="47" excluded="true">
		<clone method="" file="/home/troy/SysAssure/dataset/java-apns-1.0.0.Beta3/src/test/java/com/notnoop/apns/internal/BatchApnsServiceTest.java" start="70" end="74" isTest="true">
		</clone>
		<clone method="" file="/home/troy/SysAssure/dataset/java-apns-1.0.0.Beta3/src/test/java/com/notnoop/apns/internal/BatchApnsServiceTest.java" start="98" end="102" isTest="true">
		</clone>
	</group>
	<group id="48" excluded="true">
		<clone method="" file="/home/troy/SysAssure/dataset/java-apns-1.0.0.Beta3/src/test/java/com/notnoop/apns/internal/BatchApnsServiceTest.java" start="61" end="64" isTest="true">
		</clone>
		<clone method="" file="/home/troy/SysAssure/dataset/java-apns-1.0.0.Beta3/src/test/java/com/notnoop/apns/internal/BatchApnsServiceTest.java" start="77" end="80" isTest="true">
		</clone>
	</group>
	<group id="49" excluded="true">
		<clone method="" file="/home/troy/SysAssure/dataset/java-apns-1.0.0.Beta3/src/test/java/com/notnoop/apns/internal/BatchApnsServiceTest.java" start="105" end="108" isTest="true">
		</clone>
		<clone method="" file="/home/troy/SysAssure/dataset/java-apns-1.0.0.Beta3/src/test/java/com/notnoop/apns/internal/BatchApnsServiceTest.java" start="107" end="110" isTest="true">
		</clone>
	</group>
</data>
