<?xml version="1.0" encoding="UTF-8"?>
<data>
	<group id="0" excluded="false">
		<clone method="withCert" file="/home/troy/SysAssure/dataset/java-apns-1.0.0.Beta3/src/main/java/com/notnoop/apns/ApnsServiceBuilder.java" start="136" end="147" isTest="false">
		</clone>
		<clone method="withCert" file="/home/troy/SysAssure/dataset/java-apns-1.0.0.Beta3/src/test/java/com/notnoop/apns/ApnsServerSocketBuilder.java" start="108" end="119" isTest="false">
		</clone>
	</group>
	<group id="1" excluded="true">
		<clone method="" file="/home/troy/SysAssure/dataset/java-apns-1.0.0.Beta3/src/main/java/com/notnoop/apns/ApnsServiceBuilder.java" start="136" end="147" isTest="false">
		</clone>
		<clone method="" file="/home/troy/SysAssure/dataset/java-apns-1.0.0.Beta3/src/test/java/com/notnoop/apns/ApnsServerSocketBuilder.java" start="108" end="119" isTest="false">
		</clone>
	</group>
	<group id="2" excluded="true">
		<clone method="" file="/home/troy/SysAssure/dataset/java-apns-1.0.0.Beta3/src/test/java/com/notnoop/apns/PayloadBuilderTest.java" start="37" end="45" isTest="true">
		</clone>
		<clone method="" file="/home/troy/SysAssure/dataset/java-apns-1.0.0.Beta3/src/test/java/com/notnoop/apns/PayloadBuilderTest.java" start="154" end="161" isTest="true">
		</clone>
		<clone method="" file="/home/troy/SysAssure/dataset/java-apns-1.0.0.Beta3/src/test/java/com/notnoop/apns/PayloadBuilderTest.java" start="174" end="181" isTest="true">
		</clone>
		<clone method="" file="/home/troy/SysAssure/dataset/java-apns-1.0.0.Beta3/src/test/java/com/notnoop/apns/PayloadBuilderTest.java" start="509" end="519" isTest="true">
		</clone>
		<clone method="" file="/home/troy/SysAssure/dataset/java-apns-1.0.0.Beta3/src/test/java/com/notnoop/apns/PayloadBuilderTest.java" start="522" end="530" isTest="true">
		</clone>
	</group>
	<group id="3" excluded="true">
		<clone method="" file="/home/troy/SysAssure/dataset/java-apns-1.0.0.Beta3/src/test/java/com/notnoop/apns/PayloadBuilderTest.java" start="174" end="181" isTest="true">
		</clone>
		<clone method="" file="/home/troy/SysAssure/dataset/java-apns-1.0.0.Beta3/src/test/java/com/notnoop/apns/PayloadBuilderTest.java" start="184" end="191" isTest="true">
		</clone>
		<clone method="" file="/home/troy/SysAssure/dataset/java-apns-1.0.0.Beta3/src/test/java/com/notnoop/apns/PayloadBuilderTest.java" start="509" end="519" isTest="true">
		</clone>
		<clone method="" file="/home/troy/SysAssure/dataset/java-apns-1.0.0.Beta3/src/test/java/com/notnoop/apns/PayloadBuilderTest.java" start="522" end="530" isTest="true">
		</clone>
	</group>
	<group id="4" excluded="true">
		<clone method="" file="/home/troy/SysAssure/dataset/java-apns-1.0.0.Beta3/src/test/java/com/notnoop/apns/PayloadBuilderTest.java" start="81" end="90" isTest="true">
		</clone>
		<clone method="" file="/home/troy/SysAssure/dataset/java-apns-1.0.0.Beta3/src/test/java/com/notnoop/apns/PayloadBuilderTest.java" start="93" end="102" isTest="true">
		</clone>
		<clone method="" file="/home/troy/SysAssure/dataset/java-apns-1.0.0.Beta3/src/test/java/com/notnoop/apns/PayloadBuilderTest.java" start="105" end="115" isTest="true">
		</clone>
	</group>
	<group id="5" excluded="true">
		<clone method="" file="/home/troy/SysAssure/dataset/java-apns-1.0.0.Beta3/src/test/java/com/notnoop/apns/PayloadBuilderTest.java" start="184" end="191" isTest="true">
		</clone>
		<clone method="" file="/home/troy/SysAssure/dataset/java-apns-1.0.0.Beta3/src/test/java/com/notnoop/apns/PayloadBuilderTest.java" start="509" end="519" isTest="true">
		</clone>
		<clone method="" file="/home/troy/SysAssure/dataset/java-apns-1.0.0.Beta3/src/test/java/com/notnoop/apns/PayloadBuilderTest.java" start="522" end="530" isTest="true">
		</clone>
	</group>
	<group id="6" excluded="true">
		<clone method="" file="/home/troy/SysAssure/dataset/java-apns-1.0.0.Beta3/src/test/java/com/notnoop/apns/PayloadBuilderTest.java" start="118" end="128" isTest="true">
		</clone>
		<clone method="" file="/home/troy/SysAssure/dataset/java-apns-1.0.0.Beta3/src/test/java/com/notnoop/apns/PayloadBuilderTest.java" start="224" end="234" isTest="true">
		</clone>
	</group>
	<group id="7" excluded="true">
		<clone method="" file="/home/troy/SysAssure/dataset/java-apns-1.0.0.Beta3/src/test/java/com/notnoop/apns/PayloadBuilderTest.java" start="48" end="57" isTest="true">
		</clone>
		<clone method="" file="/home/troy/SysAssure/dataset/java-apns-1.0.0.Beta3/src/test/java/com/notnoop/apns/PayloadBuilderTest.java" start="60" end="68" isTest="true">
		</clone>
	</group>
	<group id="8" excluded="true">
		<clone method="" file="/home/troy/SysAssure/dataset/java-apns-1.0.0.Beta3/src/main/java/com/notnoop/exceptions/ApnsException.java" start="37" end="45" isTest="false">
		</clone>
		<clone method="" file="/home/troy/SysAssure/dataset/java-apns-1.0.0.Beta3/src/main/java/com/notnoop/exceptions/InvalidSSLConfig.java" start="57" end="65" isTest="false">
		</clone>
		<clone method="" file="/home/troy/SysAssure/dataset/java-apns-1.0.0.Beta3/src/main/java/com/notnoop/exceptions/NetworkIOException.java" start="41" end="49" isTest="false">
		</clone>
		<clone method="" file="/home/troy/SysAssure/dataset/java-apns-1.0.0.Beta3/src/main/java/com/notnoop/exceptions/RuntimeIOException.java" start="43" end="51" isTest="false">
		</clone>
	</group>
	<group id="9" excluded="true">
		<clone method="" file="/home/troy/SysAssure/dataset/java-apns-1.0.0.Beta3/src/test/java/com/notnoop/apns/PayloadBuilderTest.java" start="37" end="45" isTest="true">
		</clone>
		<clone method="" file="/home/troy/SysAssure/dataset/java-apns-1.0.0.Beta3/src/test/java/com/notnoop/apns/PayloadBuilderTest.java" start="174" end="181" isTest="true">
		</clone>
	</group>
	<group id="10" excluded="true">
		<clone method="" file="/home/troy/SysAssure/dataset/java-apns-1.0.0.Beta3/src/main/java/com/notnoop/apns/ApnsServiceBuilder.java" start="139" end="146" isTest="false">
		</clone>
		<clone method="" file="/home/troy/SysAssure/dataset/java-apns-1.0.0.Beta3/src/test/java/com/notnoop/apns/ApnsServerSocketBuilder.java" start="111" end="118" isTest="false">
		</clone>
	</group>
	<group id="11" excluded="true">
		<clone method="" file="/home/troy/SysAssure/dataset/java-apns-1.0.0.Beta3/src/test/java/com/notnoop/apns/PayloadBuilderTest.java" start="174" end="181" isTest="true">
		</clone>
		<clone method="" file="/home/troy/SysAssure/dataset/java-apns-1.0.0.Beta3/src/test/java/com/notnoop/apns/PayloadBuilderTest.java" start="478" end="485" isTest="true">
		</clone>
		<clone method="" file="/home/troy/SysAssure/dataset/java-apns-1.0.0.Beta3/src/test/java/com/notnoop/apns/PayloadBuilderTest.java" start="488" end="495" isTest="true">
		</clone>
	</group>
	<group id="12" excluded="true">
		<clone method="" file="/home/troy/SysAssure/dataset/java-apns-1.0.0.Beta3/src/test/java/com/notnoop/apns/internal/ApnsServiceImplTest.java" start="15" end="22" isTest="true">
		</clone>
		<clone method="" file="/home/troy/SysAssure/dataset/java-apns-1.0.0.Beta3/src/test/java/com/notnoop/apns/internal/ApnsServiceImplTest.java" start="25" end="32" isTest="true">
		</clone>
	</group>
	<group id="13" excluded="true">
		<clone method="" file="/home/troy/SysAssure/dataset/java-apns-1.0.0.Beta3/src/main/java/com/notnoop/apns/ApnsServiceBuilder.java" start="139" end="146" isTest="false">
		</clone>
		<clone method="" file="/home/troy/SysAssure/dataset/java-apns-1.0.0.Beta3/src/test/java/com/notnoop/apns/ApnsServerSocketBuilder.java" start="111" end="118" isTest="false">
		</clone>
	</group>
	<group id="14" excluded="true">
		<clone method="" file="/home/troy/SysAssure/dataset/java-apns-1.0.0.Beta3/src/test/java/com/notnoop/apns/PayloadBuilderTest.java" start="27" end="34" isTest="true">
		</clone>
		<clone method="" file="/home/troy/SysAssure/dataset/java-apns-1.0.0.Beta3/src/test/java/com/notnoop/apns/PayloadBuilderTest.java" start="144" end="151" isTest="true">
		</clone>
		<clone method="" file="/home/troy/SysAssure/dataset/java-apns-1.0.0.Beta3/src/test/java/com/notnoop/apns/PayloadBuilderTest.java" start="164" end="171" isTest="true">
		</clone>
		<clone method="" file="/home/troy/SysAssure/dataset/java-apns-1.0.0.Beta3/src/test/java/com/notnoop/apns/PayloadBuilderTest.java" start="184" end="191" isTest="true">
		</clone>
		<clone method="" file="/home/troy/SysAssure/dataset/java-apns-1.0.0.Beta3/src/test/java/com/notnoop/apns/PayloadBuilderTest.java" start="194" end="201" isTest="true">
		</clone>
		<clone method="" file="/home/troy/SysAssure/dataset/java-apns-1.0.0.Beta3/src/test/java/com/notnoop/apns/PayloadBuilderTest.java" start="204" end="211" isTest="true">
		</clone>
	</group>
	<group id="15" excluded="true">
		<clone method="" file="/home/troy/SysAssure/dataset/java-apns-1.0.0.Beta3/src/main/java/com/notnoop/apns/ApnsServiceBuilder.java" start="204" end="209" isTest="false">
		</clone>
		<clone method="" file="/home/troy/SysAssure/dataset/java-apns-1.0.0.Beta3/src/test/java/com/notnoop/apns/ApnsServerSocketBuilder.java" start="176" end="182" isTest="false">
		</clone>
	</group>
	<group id="16" excluded="false">
		<clone method="stop" file="/home/troy/SysAssure/dataset/java-apns-1.0.0.Beta3/src/test/java/com/notnoop/apns/utils/Simulator/ApnsServerSimulator.java" start="53" end="59" isTest="false">
		</clone>
		<clone method="stop" file="/home/troy/SysAssure/dataset/java-apns-1.0.0.Beta3/src/test/java/com/notnoop/apns/utils/Simulator/ApnsServerSimulator.java" start="60" end="66" isTest="false">
		</clone>
	</group>
	<group id="17" excluded="false">
		<clone method="withCert" file="/home/troy/SysAssure/dataset/java-apns-1.0.0.Beta3/src/main/java/com/notnoop/apns/ApnsServiceBuilder.java" start="171" end="177" isTest="false">
		</clone>
		<clone method="withCert" file="/home/troy/SysAssure/dataset/java-apns-1.0.0.Beta3/src/test/java/com/notnoop/apns/ApnsServerSocketBuilder.java" start="145" end="150" isTest="false">
		</clone>
	</group>
	<group id="18" excluded="true">
		<clone method="" file="/home/troy/SysAssure/dataset/java-apns-1.0.0.Beta3/src/main/java/com/notnoop/apns/internal/ReconnectPolicies.java" start="37" end="42" isTest="false">
		</clone>
		<clone method="" file="/home/troy/SysAssure/dataset/java-apns-1.0.0.Beta3/src/main/java/com/notnoop/apns/internal/ReconnectPolicies.java" start="44" end="48" isTest="false">
		</clone>
	</group>
	<group id="19" excluded="true">
		<clone method="" file="/home/troy/SysAssure/dataset/java-apns-1.0.0.Beta3/src/test/java/com/notnoop/apns/integration/ApnsSimulatorTest.java" start="36" end="41" isTest="true">
		</clone>
		<clone method="" file="/home/troy/SysAssure/dataset/java-apns-1.0.0.Beta3/src/test/java/com/notnoop/apns/integration/ApnsSimulatorTest.java" start="60" end="65" isTest="true">
		</clone>
	</group>
	<group id="20" excluded="false">
		<clone method="withCert" file="/home/troy/SysAssure/dataset/java-apns-1.0.0.Beta3/src/main/java/com/notnoop/apns/ApnsServiceBuilder.java" start="197" end="202" isTest="false">
		</clone>
		<clone method="withCert" file="/home/troy/SysAssure/dataset/java-apns-1.0.0.Beta3/src/test/java/com/notnoop/apns/ApnsServerSocketBuilder.java" start="170" end="174" isTest="false">
		</clone>
	</group>
	<group id="21" excluded="true">
		<clone method="" file="/home/troy/SysAssure/dataset/java-apns-1.0.0.Beta3/src/main/java/com/notnoop/apns/internal/ReconnectPolicies.java" start="37" end="42" isTest="false">
		</clone>
		<clone method="" file="/home/troy/SysAssure/dataset/java-apns-1.0.0.Beta3/src/main/java/com/notnoop/apns/internal/ReconnectPolicies.java" start="44" end="48" isTest="false">
		</clone>
	</group>
	<group id="22" excluded="true">
		<clone method="" file="/home/troy/SysAssure/dataset/java-apns-1.0.0.Beta3/src/main/java/com/notnoop/apns/ApnsServiceBuilder.java" start="197" end="202" isTest="false">
		</clone>
		<clone method="" file="/home/troy/SysAssure/dataset/java-apns-1.0.0.Beta3/src/test/java/com/notnoop/apns/ApnsServerSocketBuilder.java" start="170" end="174" isTest="false">
		</clone>
	</group>
	<group id="23" excluded="true">
		<clone method="" file="/home/troy/SysAssure/dataset/java-apns-1.0.0.Beta3/src/test/java/com/notnoop/apns/integration/ApnsSimulatorTest.java" start="77" end="77" isTest="true">
		</clone>
		<clone method="" file="/home/troy/SysAssure/dataset/java-apns-1.0.0.Beta3/src/test/java/com/notnoop/apns/integration/ApnsSimulatorTest.java" start="86" end="86" isTest="true">
		</clone>
	</group>
	<group id="24" excluded="true">
		<clone method="" file="/home/troy/SysAssure/dataset/java-apns-1.0.0.Beta3/src/test/java/com/notnoop/apns/integration/ApnsSimulatorTest.java" start="77" end="77" isTest="true">
		</clone>
		<clone method="" file="/home/troy/SysAssure/dataset/java-apns-1.0.0.Beta3/src/test/java/com/notnoop/apns/integration/ApnsSimulatorTest.java" start="86" end="86" isTest="true">
		</clone>
	</group>
</data>
