<?xml version="1.0" encoding="UTF-8"?>
<data>
	<group id="2" excluded="false">
		<clone method="withGatewayDestination" file="src/main/java/com/notnoop/apns/ApnsServiceBuilder.java" start="262" end="266" isTest="false">
			<test path="com/notnoop/apns/integration/ApnsConnectionCacheTest.java">cacheLengthNotification</test>
		</clone>
		<clone method="withFeedbackDestination" file="src/main/java/com/notnoop/apns/ApnsServiceBuilder.java" start="280" end="284" isTest="false">
		</clone>
	</group>
</data>
